{
  "experiment": "phase1_gumbel_v2",
  "model": "HuggingFaceTB/SmolLM-360M",
  "beta_sweep": [
    {
      "beta": 0.3,
      "train_avg_bits": 4.004094123840332,
      "dist": {
        "2": 0.0,
        "4": 99.89765286445618,
        "8": 0.10234863730147481,
        "16": 0.0
      }
    },
    {
      "beta": 0.5,
      "train_avg_bits": 4.002800941467285,
      "dist": {
        "2": 0.0,
        "4": 99.94074702262878,
        "8": 0.05386770353652537,
        "16": 0.0053867701353738084
      }
    },
    {
      "beta": 0.7,
      "train_avg_bits": 4.0056023597717285,
      "dist": {
        "2": 0.0,
        "4": 99.85994100570679,
        "8": 0.1400560257025063,
        "16": 0.0
      }
    },
    {
      "beta": 1.0,
      "train_avg_bits": 4.001400470733643,
      "dist": {
        "2": 0.0053867701353738084,
        "4": 99.95690584182739,
        "8": 0.03770739131141454,
        "16": 0.0
      }
    }
  ],
  "best_beta": 0.7,
  "eval_samples": 200,
  "accuracy": 41.0,
  "avg_bits": 4.0,
  "bit_dist_pct": {
    "2": 0.0,
    "4": 100.0,
    "8": 0.0,
    "16": 0.0
  },
  "paper_target_accuracy": 41.2,
  "paper_target_avg_bits": 5.05,
  "elapsed_s": 364.7
}