{
  "experiment": "phase1_gumbel_v2",
  "model": "HuggingFaceTB/SmolLM-360M",
  "beta_sweep": [
    {
      "beta": 0.3,
      "train_avg_bits": 4.015944957733154,
      "dist": {
        "2": 0.0,
        "4": 99.61215257644653,
        "8": 0.38246067706495523,
        "16": 0.0053867701353738084
      }
    },
    {
      "beta": 0.5,
      "train_avg_bits": 4.003663063049316,
      "dist": {
        "2": 0.0,
        "4": 99.90842342376709,
        "8": 0.09157509193755686,
        "16": 0.0
      }
    },
    {
      "beta": 0.7,
      "train_avg_bits": 4.003016471862793,
      "dist": {
        "2": 0.0,
        "4": 99.9245822429657,
        "8": 0.07541478262282908,
        "16": 0.0
      }
    },
    {
      "beta": 1.0,
      "train_avg_bits": 4.0025858879089355,
      "dist": {
        "2": 0.0,
        "4": 99.946129322052,
        "8": 0.048480930854566395,
        "16": 0.0053867701353738084
      }
    }
  ],
  "best_beta": 0.3,
  "eval_samples": 200,
  "accuracy": 41.0,
  "avg_bits": 4.0,
  "bit_dist_pct": {
    "2": 0.0,
    "4": 100.0,
    "8": 0.0,
    "16": 0.0
  },
  "paper_target_accuracy": 41.2,
  "paper_target_avg_bits": 5.05,
  "elapsed_s": 512.1
}