{
  "experiment": "phase1_gumbel_v3",
  "model": "HuggingFaceTB/SmolLM-360M",
  "quality_scores": [
    0.0,
    0.4545454680919647,
    0.9659090638160706,
    1.0
  ],
  "note": "4-bit quality from int3-range (33.0%) not standard INT4 (41.6%)",
  "beta_sweep": [
    {
      "beta": 0.1,
      "train_avg_bits": 8.131437301635742,
      "dist": {
        "2": 0.0,
        "4": 0.0,
        "8": 98.35703372955322,
        "16": 1.6429649665951729
      }
    },
    {
      "beta": 0.2,
      "train_avg_bits": 8.003016471862793,
      "dist": {
        "2": 0.0,
        "4": 0.0,
        "8": 99.96229410171509,
        "16": 0.03770739131141454
      }
    },
    {
      "beta": 0.3,
      "train_avg_bits": 8.001293182373047,
      "dist": {
        "2": 0.0,
        "4": 0.0,
        "8": 99.98384118080139,
        "16": 0.016160310769919306
      }
    },
    {
      "beta": 0.5,
      "train_avg_bits": 8.001724243164062,
      "dist": {
        "2": 0.0,
        "4": 0.0,
        "8": 99.9784529209137,
        "16": 0.021547080541495234
      }
    }
  ],
  "best_beta": 0.3,
  "eval_samples": 200,
  "accuracy": 42.5,
  "avg_bits": 8.0,
  "bit_dist_pct": {
    "2": 0.0,
    "4": 0.0,
    "8": 100.0,
    "16": 0.0
  },
  "paper_target_accuracy": 41.2,
  "paper_target_avg_bits": 5.05,
  "elapsed_s": 513.4
}