{
  "gap_mean": 0.2826188995646752,
  "beta_star": 1.0584977511785587,
  "crossing_interp": 1.103,
  "formula_error": 0.0445,
  "confirmed_04": false,
  "confirmed_05": true,
  "sweep": {
    "1.04": 37.2,
    "1.05": 39.0,
    "1.06": 40.9,
    "1.07": 42.6,
    "1.08": 44.2,
    "1.09": 46.9,
    "1.1": 49.2,
    "1.11": 51.8,
    "1.12": 54.3,
    "1.13": 56.9,
    "1.15": 62.7,
    "1.2": 77.5
  }
}